"period","sex","age_label","age_start","open_interval","mx","qx","lx","ex"
"2023-2025","total","0",0,FALSE,0.00901664379836718,0.00894794730799989,1e+05,78.4949840511925
"2023-2025","total","1",1,FALSE,0.000951696382616702,0.000951207691154105,99105.2052692,78.2023534429059
"2023-2025","total","2",2,FALSE,0.000617158797324759,0.000616958758053712,99010.9356357145,77.2763728182102
"2023-2025","total","3",3,FALSE,0.000496903506569587,0.000496778142590413,98949.849971831,76.3237855755046
"2023-2025","total","4",4,FALSE,0.000432618058826423,0.000432522737760661,98900.6938491524,75.3614757998647
"2023-2025","total","5",5,FALSE,0.000407060148894667,0.000406975260861597,98857.9170502823,74.393873176947
"2023-2025","total","6",6,FALSE,0.000389204949793094,0.000389131238560262,98817.6843237026,73.4239634529134
"2023-2025","total","7",7,FALSE,0.000375549623085095,0.000375480373716193,98779.23127581,72.4523463134191
"2023-2025","total","8",8,FALSE,0.000347139951100095,0.000347079562777795,98742.1416131352,71.4793698086313
"2023-2025","total","9",9,FALSE,0.000359206966333663,0.000359142744146661,98707.8702337964,70.5040142706648
"2023-2025","total","10",10,FALSE,0.000344559440909525,0.000344500234692864,98672.4200184118,69.5291639542182
"2023-2025","total","11",11,FALSE,0.000366030878656084,0.000365965196063951,98638.4273465577,68.5529522940207
"2023-2025","total","12",12,FALSE,0.000398151319444656,0.000398074902774335,98602.3291151544,67.5778628853559
"2023-2025","total","13",13,FALSE,0.000424595422360569,0.000424508854899409,98563.0780025785,66.6045684211675
"2023-2025","total","14",14,FALSE,0.000465981001334328,0.000465874485030021,98521.2371032003,65.6326339376734
"2023-2025","total","15",15,FALSE,0.000556878084337564,0.000556725440615645,98475.3385726003,64.6629873586893
"2023-2025","total","16",16,FALSE,0.0005653248804653,0.000565161717640574,98420.5148463437,63.6987241651423
"2023-2025","total","17",17,FALSE,0.000627831148630662,0.000627633814628341,98364.8913391221,62.73446790258
"2023-2025","total","18",18,FALSE,0.000680095379262919,0.000679862629559546,98303.1542071454,61.7735533841612
"2023-2025","total","19",19,FALSE,0.000702888441623725,0.000702636901755121,98236.3215662321,60.8152416252228
"2023-2025","total","20",20,FALSE,0.000716702765223918,0.000716448944721894,98167.297101607,59.8576576903595
"2023-2025","total","21",21,FALSE,0.00072068365650812,0.000720426259942478,98096.9652451924,58.9002108345596
"2023-2025","total","22",22,FALSE,0.000742834570880117,0.000742556762113062,98026.2936154091,57.9423111531782
"2023-2025","total","23",23,FALSE,0.000733501316128004,0.000733229918069018,97953.5035282201,56.9849997347742
"2023-2025","total","24",24,FALSE,0.00072557246356698,0.00072530885249923,97881.6810888535,56.0264500076295
"2023-2025","total","25",25,FALSE,0.000710139136402963,0.000709891066560206,97810.6866390623,55.0667537261833
"2023-2025","total","26",26,FALSE,0.000717110843928358,0.000716852807993845,97741.2517064031,54.105512071543
"2023-2025","total","27",27,FALSE,0.000718024764368058,0.000717765262010953,97671.1856156605,53.1439683015747
"2023-2025","total","28",28,FALSE,0.000727105058018274,0.000726837533878665,97601.0806315262,52.1817839848591
"2023-2025","total","29",29,FALSE,0.000726741057407011,0.000726481080387631,97530.140502776,51.2193800832822
"2023-2025","total","30",30,FALSE,0.000742128249191054,0.000741850708005264,97459.2867009332,50.2562480265634
"2023-2025","total","31",31,FALSE,0.000750741861299598,0.00075045906325183,97386.9864600925,49.2931901946943
"2023-2025","total","32",32,FALSE,0.000769862093896071,0.000769562472115792,97313.9015134607,48.3298364499436
"2023-2025","total","33",33,FALSE,0.000794882675613808,0.000794563709675705,97239.0123868408,47.3666772560872
"2023-2025","total","34",34,FALSE,0.000830221877252124,0.000829876261315175,97161.7497964335,46.4039494245212
"2023-2025","total","35",35,FALSE,0.000872993157595378,0.000872611887113547,97081.1175667696,45.442077018963
"2023-2025","total","36",36,FALSE,0.000908832473902998,0.000908422963778023,96996.4034295665,44.4813286945066
"2023-2025","total","37",37,FALSE,0.000954681767116187,0.000954239259320848,96908.2896692872,43.5213150457384
"2023-2025","total","38",38,FALSE,0.000994734256291621,0.000994247669344844,96815.8159747312,42.5623932657669
"2023-2025","total","39",39,FALSE,0.00105312519707625,0.00105257409385537,96719.5570753426,41.6042473544865
"2023-2025","total","40",40,FALSE,0.00114271852170558,0.00114208171467174,96617.7525751959,40.6475552207541
"2023-2025","total","41",41,FALSE,0.00124256565891154,0.00124181527290478,96507.4072066671,39.693445652975
"2023-2025","total","42",42,FALSE,0.00135840904967516,0.00135749916593067,96387.5628344494,38.7421601596537
"2023-2025","total","43",43,FALSE,0.00146254448858033,0.00146148984557705,96256.7167982956,37.7941354827752
"2023-2025","total","44",44,FALSE,0.00159020991784521,0.00158892625100853,96116.0385841263,36.8487106006261
"2023-2025","total","45",45,FALSE,0.00173216633823393,0.00173067597418682,95963.317287277,35.9065707244933
"2023-2025","total","46",46,FALSE,0.00188606281722002,0.00188429389439939,95797.2358796446,34.9679493189396
"2023-2025","total","47",47,FALSE,0.00206376188426183,0.00206164018209156,95616.7257329763,34.0330154138761
"2023-2025","total","48",48,FALSE,0.00227056709920649,0.0022680284871013,95419.5984491252,33.1022884970437
"2023-2025","total","49",49,FALSE,0.00249471060945288,0.00249164465259137,95203.1840816148,32.1763835034497
"2023-2025","total","50",50,FALSE,0.00277870536199142,0.00277492717943706,94965.9715770881,31.2554900610975
"2023-2025","total","51",51,FALSE,0.00305358931337154,0.00304900681284336,94702.4479214372,30.3410439402571
"2023-2025","total","52",52,FALSE,0.00341580841645971,0.00340997483858922,94413.6995125318,29.4322838674242
"2023-2025","total","53",53,FALSE,0.00376560853615699,0.00375858949303706,94091.751172776,28.5312826409832
"2023-2025","total","54",54,FALSE,0.00420905654916316,0.00420027724029132,93738.0989054365,27.6370228510957
"2023-2025","total","55",55,FALSE,0.0046170824104872,0.00460649648247633,93344.3729020559,26.7514722651465
"2023-2025","total","56",56,FALSE,0.00512044198362592,0.00510745830212117,92914.3823766236,25.8729486865884
"2023-2025","total","57",57,FALSE,0.00564248773383125,0.00562681403314586,92439.8260429676,25.0031870784151
"2023-2025","total","58",58,FALSE,0.00627540088891734,0.00625614142585892,91919.6843325675,24.1418063327651
"2023-2025","total","59",59,FALSE,0.00687965848535963,0.00685628526715688,91344.6217875626,23.2905845647631
"2023-2025","total","60",60,FALSE,0.00759101280065765,0.00756242803660425,90718.3370029666,22.447891148858
"2023-2025","total","61",61,FALSE,0.00838134293681514,0.00834610273859493,90032.2861077812,21.6151195409822
"2023-2025","total","62",62,FALSE,0.00938975950294152,0.00934645474416962,89280.8673981351,20.7928635165634
"2023-2025","total","63",63,FALSE,0.0103783181025999,0.0103244595605241,88446.4078114782,19.984257387347
"2023-2025","total","64",64,FALSE,0.0115034004008854,0.0114380292434198,87533.246450755,19.1875479755658
"2023-2025","total","65",65,FALSE,0.0124361774487599,0.0123586506088347,86532.0386180798,18.4037331820445
"2023-2025","total","66",66,FALSE,0.013826143433964,0.0137309357496425,85462.6193863287,17.6278232674589
"2023-2025","total","67",67,FALSE,0.0152550337782228,0.0151405947919956,84289.1376505389,16.8662994031447
"2023-2025","total","68",68,FALSE,0.0171421968716373,0.0169996079349742,83012.9499720054,16.1178347272969
"2023-2025","total","69",69,FALSE,0.0186562268035613,0.0184838658979786,81601.7623689556,15.38773825295
"2023-2025","total","70",70,FALSE,0.0204340782176924,0.0202258660034952,80093.4463362892,14.6681002377179
"2023-2025","total","71",71,FALSE,0.0222993132384876,0.0220504487166857,78473.4870229332,13.9606560560147
"2023-2025","total","72",72,FALSE,0.0250169757600027,0.0247109108576109,76743.1114217145,13.2643000108891
"2023-2025","total","73",73,FALSE,0.0277541917750677,0.0273776214123818,74846.7192364369,12.5875849901346
"2023-2025","total","74",74,FALSE,0.030982792674774,0.0305167165903807,72797.5940932229,11.9277052422125
"2023-2025","total","75",75,FALSE,0.0336116894383411,0.0330530597015325,70576.0505458184,11.2871964807431
"2023-2025","total","76",76,FALSE,0.0371389851334676,0.0364573976134038,68243.2961336291,10.6560310128844
"2023-2025","total","77",77,FALSE,0.0412287405199874,0.0403998755584057,65755.3231520361,10.0404313574933
"2023-2025","total","78",78,FALSE,0.0467353485367871,0.0456712527838982,63098.8162793911,9.4419906625793
"2023-2025","total","79",79,FALSE,0.0528617514815597,0.0515057636797478,60217.0142907303,8.86985667089934
"2023-2025","total","80",80,FALSE,0.0596330103747116,0.0579144856375867,57115.4909831719,8.32425538845788
"2023-2025","total","81",81,FALSE,0.0673046998838162,0.0651122837820619,53807.6767009433,7.80510221476111
"2023-2025","total","82",82,FALSE,0.0761428574353036,0.0733711765253431,50304.135985938,7.31390153447911
"2023-2025","total","83",83,FALSE,0.0854392443157053,0.0819239195193587,46613.2623445589,6.85312439681555
"2023-2025","total","84",84,FALSE,0.0963518658282125,0.091947858677536,42794.5211917085,6.42023974784619
"2023-2025","total","85",85,FALSE,0.107262800007077,0.101759201748761,38859.6566050005,6.01942007859339
"2023-2025","total","86",86,FALSE,0.119705185641582,0.112875504383337,34905.3289686447,5.64517840459883
"2023-2025","total","87",87,FALSE,0.131532379294148,0.123241268923014,30965.3723556426,5.30053291082388
"2023-2025","total","88",88,FALSE,0.145580244720896,0.135690884283537,27149.1605738596,4.9769309435633
"2023-2025","total","89",89,FALSE,0.160692532712649,0.148839725153454,23465.2669680369,4.67987843532402
"2023-2025","total","90",90,FALSE,0.178734163550129,0.164089898934099,19972.7030818618,4.410026328193
"2023-2025","total","91",91,FALSE,0.196952336271098,0.178912433672465,16695.3842517184,4.17743431805672
"2023-2025","total","92",92,FALSE,0.215812663717179,0.194070795603148,13708.3724241465,3.98134099581582
"2023-2025","total","93",93,FALSE,0.233283373374782,0.208036815417434,11047.9776813681,3.82426291416725
"2023-2025","total","94",94,FALSE,0.250127868647683,0.221529916368225,8749.5915877334,3.70280548056542
"2023-2025","total","95",95,FALSE,0.265797155494699,0.233416928765251,6811.2952950467,3.6188144802522
"2023-2025","total","96",96,FALSE,0.283551881048062,0.247187725339421,5221.42366636369,3.57513446069185
"2023-2025","total","97",97,FALSE,0.299422608974947,0.258118730267363,3930.75182724183,3.5910408337021
"2023-2025","total","98",98,FALSE,0.310790873685231,0.267255457013718,2916.15115659805,3.67846720886622
"2023-2025","total","99",99,FALSE,0.301451750640478,0.259372916485439,2136.79384652036,3.84656111375595
"2023-2025","total","100+",100,TRUE,0.248020855755662,1,1582.56739462023,4.03191899710704
"2023-2025","male","0",0,FALSE,0.0097436286702337,0.00966265343483882,1e+05,75.8712821150494
"2023-2025","male","1",1,FALSE,0.00097332879777616,0.000972812051245391,99033.7346565161,75.610187738371
"2023-2025","male","2",2,FALSE,0.00064911445177165,0.00064889022183589,98937.3934459624,74.6833715286656
"2023-2025","male","3",3,FALSE,0.000536487286481511,0.000536341506040119,98873.1939387814,73.7315606571695
"2023-2025","male","4",4,FALSE,0.000433349704954907,0.000433252728146229,98820.1641410373,72.770862422517
"2023-2025","male","5",5,FALSE,0.000436679332351391,0.000436581736952293,98777.3500353273,71.8021947034398
"2023-2025","male","6",6,FALSE,0.000405043176513512,0.000404962589093503,98734.2256482774,70.8333427416795
"2023-2025","male","7",7,FALSE,0.000398088770263929,0.000398014402569708,98694.2419806267,69.861833130576
"2023-2025","male","8",8,FALSE,0.000352802034640595,0.000352740185388708,98654.9602508677,68.889438931292
"2023-2025","male","9",9,FALSE,0.000385425862223596,0.000385349706175029,98620.1606818993,67.9135700852541
"2023-2025","male","10",10,FALSE,0.000357374482167859,0.000357311890965787,98582.1574319576,66.9395628154743
"2023-2025","male","11",11,FALSE,0.000390560887986529,0.0003904844935772,98546.9328548701,65.9633074313645
"2023-2025","male","12",12,FALSE,0.000414246045148182,0.000414166272492996,98508.4518057007,64.9888801831223
"2023-2025","male","13",13,FALSE,0.000468141467991995,0.00046803844701602,98467.6529274073,64.0155858528209
"2023-2025","male","14",14,FALSE,0.000502518272452702,0.000502396242398889,98421.5662800498,63.0453135472344
"2023-2025","male","15",15,FALSE,0.000653969712030454,0.000653760529732164,98372.1196549797,62.0767435069606
"2023-2025","male","16",16,FALSE,0.000706678133224033,0.000706426080601251,98307.8078459232,61.117019267275
"2023-2025","male","17",17,FALSE,0.000803991461785088,0.00080366907130873,98238.3606465341,60.1598744440403
"2023-2025","male","18",18,FALSE,0.000882517903021312,0.000882127226138988,98159.4095144664,59.2078589564999
"2023-2025","male","19",19,FALSE,0.000927231942974707,0.000926790016728389,98072.820426832,58.2596941032253
"2023-2025","male","20",20,FALSE,0.000958164620288807,0.0009577099231496,97981.927515948,57.3132880945483
"2023-2025","male","21",21,FALSE,0.000981402302514,0.000980927649371508,97888.0892516766,56.3677465949317
"2023-2025","male","22",22,FALSE,0.00101653622788157,0.00101601822953348,97792.0681183855,55.4225957994307
"2023-2025","male","23",23,FALSE,0.00100931036338663,0.00100879050682343,97692.7095944735,54.4784564762777
"2023-2025","male","24",24,FALSE,0.000990464016893124,0.000989972166357274,97594.1581164487,53.5329750945117
"2023-2025","male","25",25,FALSE,0.00096268933227899,0.00096223162712895,97497.5426163144,52.5855298914287
"2023-2025","male","26",26,FALSE,0.000955644802779738,0.000955192222715375,97403.7273972416,51.6356908305286
"2023-2025","male","27",27,FALSE,0.000955460442032723,0.000954999877583503,97310.6881143683,50.6845779312479
"2023-2025","male","28",28,FALSE,0.000959854024290076,0.000959381760937941,97217.7564191315,49.7325545487858
"2023-2025","male","29",29,FALSE,0.000968147875229033,0.000967689312213669,97124.4874767836,48.7798450582428
"2023-2025","male","30",30,FALSE,0.000983546170777158,0.000983061385394973,97030.5011482981,47.8265999976669
"2023-2025","male","31",31,FALSE,0.000994002201347387,0.000993502837152814,96935.1142094137,46.8731720985669
"2023-2025","male","32",32,FALSE,0.00100689252407384,0.00100638078622132,96838.8088984269,45.9192954262057
"2023-2025","male","33",33,FALSE,0.00102347520757503,0.00102294305714702,96741.352181791,44.9650556290739
"2023-2025","male","34",34,FALSE,0.00106255838071097,0.00106199030456542,96642.3912872376,44.0105959072182
"2023-2025","male","35",35,FALSE,0.00111298223721424,0.00111236370252831,96539.7580046805,43.0568565018939
"2023-2025","male","36",36,FALSE,0.00115806933534362,0.00115740810821684,96432.3706820253,42.1042474838519
"2023-2025","male","37",37,FALSE,0.00121136680202401,0.00121064931648056,96320.7590743033,41.1524486352697
"2023-2025","male","38",38,FALSE,0.00125953638234556,0.00125875658696717,96204.1484131671,40.2017111035489
"2023-2025","male","39",39,FALSE,0.00133296767075148,0.00133208593597141,96083.0508076585,39.2517386010869
"2023-2025","male","40",40,FALSE,0.00143751334456268,0.00143651394582086,95955.0599269924,38.3034235353725
"2023-2025","male","41",41,FALSE,0.00155627878695756,0.00155509756703061,95817.2191452352,37.3577837401536
"2023-2025","male","42",42,FALSE,0.00168680860146465,0.00168541343838316,95668.2140208628,36.4151718881406
"2023-2025","male","43",43,FALSE,0.00182244753715448,0.0018208295362774,95506.9735273259,35.4757903641435
"2023-2025","male","44",44,FALSE,0.00198625342755276,0.00198427009351431,95333.0716090069,34.5395688488071
"2023-2025","male","45",45,FALSE,0.00218057428180074,0.00217822076454448,95143.9050460903,33.6072532465525
"2023-2025","male","46",46,FALSE,0.00237310224626695,0.00237027336555637,94936.6606164991,32.6795157570965
"2023-2025","male","47",47,FALSE,0.00260866623823515,0.0026052955260731,94711.6347784249,31.7559781665301
"2023-2025","male","48",48,FALSE,0.00288337750106142,0.00287929937009733,94464.8829800696,30.8376113783869
"2023-2025","male","49",49,FALSE,0.00319844686639205,0.00319336902300914,94192.8903020088,29.9251893161506
"2023-2025","male","50",50,FALSE,0.00358852031058131,0.003582254223718,93892.0976439306,29.0194467149589
"2023-2025","male","51",51,FALSE,0.00398590999891345,0.00397810465107883,93555.7522805719,28.121932775227
"2023-2025","male","52",52,FALSE,0.00447536184204606,0.00446537168799402,93183.5777072894,27.2322236456123
"2023-2025","male","53",53,FALSE,0.00495763431152934,0.00494551853568798,92767.4783976093,26.3521279478316
"2023-2025","male","54",54,FALSE,0.00556355908289595,0.00554811840239336,92308.6951136848,25.4805865231324
"2023-2025","male","55",55,FALSE,0.00614464379586268,0.00612586251317636,91796.5555436237,24.6199562798965
"2023-2025","male","56",56,FALSE,0.0068483935873943,0.00682510946457204,91234.2224651803,23.7686160832698
"2023-2025","male","57",57,FALSE,0.00756581372266521,0.00753776480512342,90611.5389099403,22.9285055830805
"2023-2025","male","58",58,FALSE,0.00844288565631845,0.00840815281140857,89928.5304410069,22.0987883756401
"2023-2025","male","59",59,FALSE,0.00928243674346323,0.00923989423222403,89172.3976149535,21.2818432250307
"2023-2025","male","60",60,FALSE,0.010313856710572,0.0102612975643849,88348.4540925575,20.4756188968731
"2023-2025","male","61",61,FALSE,0.01140021349568,0.0113351679326867,87441.8843157604,19.6826847560745
"2023-2025","male","62",62,FALSE,0.0127973322972836,0.0127168651986536,86450.7158726907,18.9026551710988
"2023-2025","male","63",63,FALSE,0.0141181665255806,0.0140184999218699,85351.3337726106,18.1396221026814
"2023-2025","male","64",64,FALSE,0.0156765032587729,0.0155549837331107,84154.8361067877,17.3904698610763
"2023-2025","male","65",65,FALSE,0.0169551309210984,0.0168113532091274,82845.8090000841,16.6573259943837
"2023-2025","male","66",66,FALSE,0.0188545998233728,0.0186783391934035,81453.0588430877,15.9336724843784
"2023-2025","male","67",67,FALSE,0.0207769588948546,0.0205653582767356,79931.6509816763,15.2274442688066
"2023-2025","male","68",68,FALSE,0.0233002748876512,0.0230382702560002,78287.8279415871,14.5365786042714
"2023-2025","male","69",69,FALSE,0.0252267973187413,0.0249111655675633,76484.2118037136,13.8673019557641
"2023-2025","male","70",70,FALSE,0.0274602736227043,0.0270858655195419,74578.9009401667,13.2088618653099
"2023-2025","male","71",71,FALSE,0.0297018451060225,0.0292617360052538,72558.8668587061,12.5627698978209
"2023-2025","male","72",72,FALSE,0.0331190761850148,0.0325849043401468,70435.6684518463,11.9265798979433
"2023-2025","male","73",73,FALSE,0.0365524131924915,0.035900234214341,68140.5289332086,11.3112858935893
"2023-2025","male","74",74,FALSE,0.0406178744605913,0.0398187887555984,65694.2679850173,10.7137544849823
"2023-2025","male","75",75,FALSE,0.0437203916456353,0.0427770693954414,63078.4018056682,10.1370737352628
"2023-2025","male","76",76,FALSE,0.0479942244949844,0.0468544918333868,60380.0926342736,9.56793835152708
"2023-2025","male","77",77,FALSE,0.0527105547664169,0.051366790709942,57551.0140770419,9.01403360316795
"2023-2025","male","78",78,FALSE,0.0591334296262382,0.0574377707765252,54594.8031818016,8.47485285970732
"2023-2025","male","79",79,FALSE,0.0658306613639324,0.0637262602707858,51458.9993910558,7.9607772921648
"2023-2025","male","80",80,FALSE,0.073292838305444,0.0706894142315423,48179.7098025871,7.46869625740887
"2023-2025","male","81",81,FALSE,0.0819912653476287,0.0787518385922688,44773.9143387966,6.9989702142383
"2023-2025","male","82",82,FALSE,0.0920608422766122,0.0880193705943719,41247.8862636436,6.55467210690913
"2023-2025","male","83",83,FALSE,0.10219283449571,0.0971961780245744,37617.2732763694,6.13891560200133
"2023-2025","male","84",84,FALSE,0.113444840234088,0.107362826579176,33961.0180862004,5.7463314480384
"2023-2025","male","85",85,FALSE,0.124824563291516,0.117433963207077,30314.8671909594,5.37726152264324
"2023-2025","male","86",86,FALSE,0.138383696106473,0.12929752456332,26754.8721926288,5.02678466684577
"2023-2025","male","87",87,FALSE,0.151549354451537,0.140518171385443,23295.5334481139,4.70016342622974
"2023-2025","male","88",88,FALSE,0.167374204144872,0.154476884088016,20022.0876865365,4.38979938542619
"2023-2025","male","89",89,FALSE,0.183492128423062,0.168320959796316,16929.1379677833,4.10025003112703
"2023-2025","male","90",90,FALSE,0.203883531518603,0.185120300900991,14079.6092165218,3.82711369681286
"2023-2025","male","91",91,FALSE,0.225570046830251,0.201765340241566,11473.1877217909,3.58229915699942
"2023-2025","male","92",92,FALSE,0.250751698223165,0.221582616644868,9158.29609744841,3.36721846401284
"2023-2025","male","93",93,FALSE,0.276874750888373,0.241733629850805,7128.97688416731,3.19050559965439
"2023-2025","male","94",94,FALSE,0.299209247111882,0.258795602709527,5405.66342483507,3.05621656521794
"2023-2025","male","95",95,FALSE,0.323810184608238,0.276898394180627,4006.70150076003,2.95638387968553
"2023-2025","male","96",96,FALSE,0.343237829736503,0.290245502304833,2897.25228923847,2.9058962309563
"2023-2025","male","97",97,FALSE,0.369802785787665,0.308641222612856,2056.33784324462,2.90281466096942
"2023-2025","male","98",98,FALSE,0.384313511776102,0.318638600622157,1421.66721720052,2.99150658860577
"2023-2025","male","99",99,FALSE,0.386847195357834,0.318553997065401,968.669164561349,3.17363954729684
"2023-2025","male","100+",100,TRUE,0.289955125992406,1,660.095730356329,3.44880952380952
"2023-2025","female","0",0,FALSE,0.00825048677276632,0.00819365012323479,1e+05,81.1441523474884
"2023-2025","female","1",1,FALSE,0.000928921098015515,0.000928461303568425,99180.6349876765,80.8131962875984
"2023-2025","female","2",2,FALSE,0.000583519079144349,0.000583342884646405,99088.5496060271,79.8878640548568
"2023-2025","female","3",3,FALSE,0.000455253649211593,0.00045514810346584,99030.7470056645,78.9342117171801
"2023-2025","female","4",4,FALSE,0.000431848497245094,0.000431754636083098,98985.6733489801,77.969931423023
"2023-2025","female","5",5,FALSE,0.000375885894710944,0.000375813313303426,98942.9358256058,77.0033953433888
"2023-2025","female","6",6,FALSE,0.000372523802331879,0.000372457234298496,98905.7517530653,76.032162336491
"2023-2025","female","7",7,FALSE,0.000351809440450274,0.000351745174225897,98868.9135903111,75.0602977821201
"2023-2025","female","8",8,FALSE,0.000341178077976171,0.000341118956585013,98834.1369270748,74.0865400384473
"2023-2025","female","9",9,FALSE,0.000331586819918425,0.000331534293019062,98800.4227294112,73.1116530952851
"2023-2025","female","10",10,FALSE,0.000331051560887124,0.000330995776757085,98767.6670011116,72.1357269732259
"2023-2025","female","11",11,FALSE,0.000340171292533427,0.000340116101919792,98734.9753204541,71.159448956173
"2023-2025","female","12",12,FALSE,0.000381189027403256,0.000381115380011582,98701.393965525,70.1834817319944
"2023-2025","female","13",13,FALSE,0.000378681335278544,0.000378610434868469,98663.7773462561,69.2100519516298
"2023-2025","female","14",14,FALSE,0.000427457937594408,0.000427366693142017,98626.4222106093,68.2360740710532
"2023-2025","female","15",15,FALSE,0.000454537063968699,0.000454434760134907,98584.2725626927,67.2650343646717
"2023-2025","female","16",16,FALSE,0.000416389575109567,0.00041629889537256,98539.4724424376,66.2953863652617
"2023-2025","female","17",17,FALSE,0.000441499213640275,0.000441400748983197,98498.4505689092,65.3227979500852
"2023-2025","female","18",18,FALSE,0.000465119968912439,0.000465010370185008,98454.9732790544,64.3514257410085
"2023-2025","female","19",19,FALSE,0.000467202683053626,0.000467094239645129,98409.1906954834,63.3811342611087
"2023-2025","female","20",20,FALSE,0.000463678201048973,0.000463572316649452,98363.2243293814,62.4105179666712
"2023-2025","female","21",21,FALSE,0.000449890663497244,0.000449788911242048,98317.6258616059,61.4392278493686
"2023-2025","female","22",22,FALSE,0.000458604475619279,0.000458496878155333,98273.4036837137,60.4666512496761
"2023-2025","female","23",23,FALSE,0.000446911414722345,0.00044681419170721,98228.345634919,59.4941637573337
"2023-2025","female","24",24,FALSE,0.000450060056912141,0.000449958993947186,98184.4558160614,58.5205291045085
"2023-2025","female","25",25,FALSE,0.000447605839819269,0.00044750866655496,98140.2768371012,57.5466472904259
"2023-2025","female","26",26,FALSE,0.000469260448880029,0.000469145983358996,98096.3582126785,56.5721809272901
"2023-2025","female","27",27,FALSE,0.000471547670080792,0.000471435053956465,98050.3367002409,55.5985086717991
"2023-2025","female","28",28,FALSE,0.000486046637115887,0.000485930958021954,98004.1123344681,54.6244993979735
"2023-2025","female","29",29,FALSE,0.000477427073556614,0.000477314035419594,97956.4891022714,53.6508079864853
"2023-2025","female","30",30,FALSE,0.000493351149179354,0.000493227823906904,97909.7330951624,52.6761878355145
"2023-2025","female","31",31,FALSE,0.000500123089443993,0.000499999604055796,97861.4412905686,51.701938644837
"2023-2025","female","32",32,FALSE,0.000525438493938922,0.000525298658704079,97812.510608671,50.7275493093988
"2023-2025","female","33",33,FALSE,0.000559158368391804,0.000559002347215479,97761.1298280437,49.7539511237383
"2023-2025","female","34",34,FALSE,0.00059102434703055,0.000590849736802032,97706.4811270034,48.7814991248491
"2023-2025","female","35",35,FALSE,0.000626561984891761,0.000626363918575359,97648.7512783457,47.8100431128472
"2023-2025","female","36",36,FALSE,0.00065351564138002,0.000653301846636449,97587.587623851,46.8396979256614
"2023-2025","female","37",37,FALSE,0.000692044241062876,0.000691814269693526,97523.8334726475,45.8699920217191
"2023-2025","female","38",38,FALSE,0.000723722252514848,0.000723464722038207,97456.3650930159,44.9013877498168
"2023-2025","female","39",39,FALSE,0.000766466098560962,0.000766173035729325,97385.8588509331,43.933527948992
"2023-2025","female","40",40,FALSE,0.000840728086098817,0.000840377442567762,97311.2444318201,42.9668303317186
"2023-2025","female","41",41,FALSE,0.000922125890352556,0.000921716431139624,97229.4662570914,42.0025453946692
"2023-2025","female","42",42,FALSE,0.00102457957964801,0.00102405595119519,97139.8482604513,41.0408174287409
"2023-2025","female","43",43,FALSE,0.00109778552803236,0.00109717921170301,97040.371620742,40.0823750901394
"2023-2025","female","44",44,FALSE,0.00118869186280459,0.00118796224498332,96933.9009423038,39.125855473952
"2023-2025","female","45",45,FALSE,0.00127623243884758,0.00127541905030802,96818.7471277254,38.1718159490753
"2023-2025","female","46",46,FALSE,0.00138919827184497,0.00138825619803725,96695.2626532118,37.2199242852949
"2023-2025","female","47",47,FALSE,0.00150755371479767,0.00150640995760434,96561.0248555126,36.2709558065837
"2023-2025","female","48",48,FALSE,0.00164752452090753,0.00164617745703249,96415.5643661538,35.3249283145545
"2023-2025","female","49",49,FALSE,0.00178487290281682,0.00178332594682849,96256.8472375871,34.3823453854775
"2023-2025","female","50",50,FALSE,0.00196815366231042,0.00196624022684392,96085.1899043484,33.4428515941834
"2023-2025","female","51",51,FALSE,0.00212315369525589,0.00212093651029519,95896.2633387546,32.5077418220472
"2023-2025","female","52",52,FALSE,0.00235551115266331,0.00235272620208277,95692.8734526385,31.5757562848793
"2023-2025","female","53",53,FALSE,0.00256428961108174,0.00256101088821776,95467.7343219139,30.6490474144278
"2023-2025","female","54",54,FALSE,0.00283175392030453,0.00282783703765835,95223.240414842,29.7264558000445
"2023-2025","female","55",55,FALSE,0.00305245976665101,0.00304785309603422,94953.964608751,28.8093070257013
"2023-2025","female","56",56,FALSE,0.00335172638093398,0.00334619641552945,94664.5588737376,27.8958386104714
"2023-2025","female","57",57,FALSE,0.00369631877246652,0.00368953356285076,94347.7926661566,26.9877949589195
"2023-2025","female","58",58,FALSE,0.00411949089543648,0.00411114897806386,93999.6933185339,26.0858753382864
"2023-2025","female","59",59,FALSE,0.00452317352381815,0.0045130812707779,93613.2465754091,25.1914661962472
"2023-2025","female","60",60,FALSE,0.00494206987755546,0.00492987227890176,93190.7623855929,24.303380560653
"2023-2025","female","61",61,FALSE,0.00546014717791848,0.00544514410016272,92731.3438294585,23.4213127565228
"2023-2025","female","62",62,FALSE,0.00610887011722124,0.00609058508117047,92226.4082997053,22.5468312440201
"2023-2025","female","63",63,FALSE,0.00679787758557366,0.00677481874933011,91664.6955132252,21.6818797719277
"2023-2025","female","64",64,FALSE,0.00752667620394208,0.00749880197322537,91043.6838154106,20.8263666955574
"2023-2025","female","65",65,FALSE,0.00814026301890134,0.00810697382026312,90360.9652595659,19.9798953661247
"2023-2025","female","66",66,FALSE,0.00907295012290744,0.00903169211459314,89628.4112798329,19.139145366558
"2023-2025","female","67",67,FALSE,0.0101126638324998,0.0100621991868698,88818.9150644333,18.3090544736442
"2023-2025","female","68",68,FALSE,0.0115399031513491,0.0114748262134117,87925.2014494933,17.4900329111588
"2023-2025","female","69",69,FALSE,0.0128158027263488,0.012734935438888,86916.2750430811,16.6871544046641
"2023-2025","female","70",70,FALSE,0.0142936814726901,0.0141913536611262,85809.4018918189,15.8958976009796
"2023-2025","female","71",71,FALSE,0.0158945338246617,0.0157677947589908,84591.6503221224,15.117595702336
"2023-2025","female","72",72,FALSE,0.0180913777502462,0.0179306782300221,83257.8265415188,14.3518667432242
"2023-2025","female","73",73,FALSE,0.0204157446305083,0.0202121028135628,81764.9572436718,13.604690733119
"2023-2025","female","74",74,FALSE,0.0232352172721468,0.0229729420377282,80112.3155213162,12.874894161162
"2023-2025","female","75",75,FALSE,0.0257974726823152,0.025468401291951,78271.8999403368,12.1656630658554
"2023-2025","female","76",76,FALSE,0.0290015136697295,0.028587706508556,76278.4397827729,11.4705557370085
"2023-2025","female","77",77,FALSE,0.0327643410581929,0.0322370634091089,74097.8141333324,10.7933822486726
"2023-2025","female","78",78,FALSE,0.0376822498378216,0.0369884710361562,71709.1182006398,10.136237823964
"2023-2025","female","79",79,FALSE,0.0435548093441145,0.0426371466570565,69056.7075590471,9.50627156361487
"2023-2025","female","80",80,FALSE,0.0500997871153375,0.0488931287988435,66112.3265911986,8.90711466502645
"2023-2025","female","81",81,FALSE,0.057380904510642,0.0557837931350628,62879.8880919839,8.33891542986078
"2023-2025","female","82",82,FALSE,0.0657363665175947,0.0636699504673361,59372.2094223047,7.80197255223523
"2023-2025","female","83",83,FALSE,0.0748430685037075,0.072135875205373,55591.9837892503,7.29807556082375
"2023-2025","female","84",84,FALSE,0.0858675199140514,0.0823653894184422,51581.8073842098,6.82669691431496
"2023-2025","female","85",85,FALSE,0.0968098504325029,0.0923039439122508,47333.2517321023,6.39413784377139
"2023-2025","female","86",86,FALSE,0.108978700339088,0.103307474444005,42964.2059190379,5.9939466432866
"2023-2025","female","87",87,FALSE,0.120466161137752,0.11353136618228,38525.6823140499,5.62733184889887
"2023-2025","female","88",88,FALSE,0.13377030455948,0.125352743717523,34151.8089678313,5.28490010992304
"2023-2025","female","89",89,FALSE,0.148203894790096,0.138004661390968,29870.786010797,4.97094749948781
"2023-2025","female","90",90,FALSE,0.164932595646163,0.152359784512578,25748.4783018949,4.68652932112975
"2023-2025","female","91",91,FALSE,0.182026895005881,0.166718734701959,21825.4456962914,4.43909957142724
"2023-2025","female","92",92,FALSE,0.199593861541219,0.18097066599652,18186.7350054994,4.22810167639552
"2023-2025","female","93",93,FALSE,0.216076955205393,0.194333975219806,14895.4694592519,4.05529691170749
"2023-2025","female","94",94,FALSE,0.233516181304604,0.208513100257761,12000.7736664703,3.91716034752151
"2023-2025","female","95",95,FALSE,0.248289552869563,0.219823555376399,9498.45514378287,3.82095080125299
"2023-2025","female","96",96,FALSE,0.267093343942618,0.234854695378761,7410.47096349327,3.7627375339187
"2023-2025","female","97",97,FALSE,0.281670705339434,0.244831833717662,5670.08706274891,3.76848596067819
"2023-2025","female","98",98,FALSE,0.293997659496583,0.254978262551963,4281.8692498373,3.83924152019738
"2023-2025","female","99",99,FALSE,0.284508123320967,0.246987145720134,3190.08566803911,3.98909382721484
"2023-2025","female","100+",100,TRUE,0.241274953494183,1,2402.17551428742,4.14464902186421
"2022-2024","total","0",0,FALSE,0.00946337996740729,0.00938777401427335,1e+05,78.0904945597719
"2022-2024","total","1",1,FALSE,0.000965049340703804,0.000964543777988814,99061.2225985727,77.8291261256972
"2022-2024","total","2",2,FALSE,0.000626790498524289,0.000626581583140136,98965.6737126753,76.9038271060366
"2022-2024","total","3",3,FALSE,0.000507796585493572,0.000507667412544066,98903.6636441638,75.951750383784
"2022-2024","total","4",4,FALSE,0.000425627028400526,0.000425532004052074,98853.4534771505,74.990074780333
"2022-2024","total","5",5,FALSE,0.000397494982358496,0.000397413829163343,98811.3881689849,74.0217966811354
"2022-2024","total","6",6,FALSE,0.000380474948329403,0.000380403846911582,98772.1191568477,73.0510323331779
"2022-2024","total","7",7,FALSE,0.000381984159251974,0.000381911654086991,98734.5458627528,72.0786381998547
"2022-2024","total","8",8,FALSE,0.000344913177815306,0.000344853637982752,98696.8379890269,71.10598421587
"2022-2024","total","9",9,FALSE,0.000363860309859144,0.00036379146963865,98662.8020253889,70.1303415419504
"2022-2024","total","10",10,FALSE,0.000361200883641009,0.00036113591434111,98626.9093396415,69.1556889857712
"2022-2024","total","11",11,FALSE,0.000368419269598211,0.000368350790876761,98591.2916205585,68.1804912800983
"2022-2024","total","12",12,FALSE,0.000406100033130617,0.000406017698028693,98554.9754403165,67.2054323259617
"2022-2024","total","13",13,FALSE,0.000428765779396557,0.000428676761544918,98514.9603760589,66.2325266498303
"2022-2024","total","14",14,FALSE,0.000461543516184064,0.000461440727523585,98472.7293018812,65.2607100138257
"2022-2024","total","15",15,FALSE,0.000557519621185851,0.000557365543346819,98427.2899740309,64.2905990209362
"2022-2024","total","16",16,FALSE,0.000587437877414115,0.000587267611698426,98372.4299940744,63.3261712098395
"2022-2024","total","17",17,FALSE,0.000627986768206052,0.000627795367183822,98314.6590520548,62.3630848743843
"2022-2024","total","18",18,FALSE,0.000676243997302513,0.000676014336828073,98252.9375645756,61.4019375114096
"2022-2024","total","19",19,FALSE,0.000688690524500263,0.000688451443394227,98186.5171701465,60.443137550806
"2022-2024","total","20",20,FALSE,0.000703244205519955,0.000703001971172688,98118.9205206789,59.4844368503958
"2022-2024","total","21",21,FALSE,0.000706079662316107,0.000705831415721136,98049.9427261435,58.5259251438109
"2022-2024","total","22",22,FALSE,0.000724483832134253,0.000724221246157185,97980.7359962577,57.5669092612742
"2022-2024","total","23",23,FALSE,0.000715982124921643,0.000715722751699136,97909.7762655351,56.6082686177151
"2022-2024","total","24",24,FALSE,0.000717596405471566,0.00071733968384716,97839.7000110481,55.6484597486022
"2022-2024","total","25",25,FALSE,0.000711987365676173,0.000711735640755619,97769.5157115745,54.6880474073444
"2022-2024","total","26",26,FALSE,0.000718643360936658,0.000718381992114167,97699.9296626631,53.7266401244895
"2022-2024","total","27",27,FALSE,0.000716101366179906,0.000715846640227269,97629.7437925626,52.7649091826018
"2022-2024","total","28",28,FALSE,0.00072182499281531,0.000721564038090618,97559.8558684825,51.8023474311107
"2022-2024","total","29",29,FALSE,0.000723155234084199,0.000722893950669093,97489.4601849265,50.8393928294613
"2022-2024","total","30",30,FALSE,0.000726823645241343,0.000726557265266229,97418.9856439048,49.8758090603889
"2022-2024","total","31",31,FALSE,0.00073478366526598,0.000734510094611663,97348.2051721103,48.9117127193961
"2022-2024","total","32",32,FALSE,0.000752655507209521,0.000752371412348587,97276.7019327191,47.9473028118771
"2022-2024","total","33",33,FALSE,0.000792919803207436,0.000792600433936907,97203.5137230974,46.9830289564254
"2022-2024","total","34",34,FALSE,0.000831040048447072,0.000830692146736998,97126.4701759402,46.0199071310443
"2022-2024","total","35",35,FALSE,0.00086937685750428,0.000868995285650127,97045.7879799248,45.0577548882885
"2022-2024","total","36",36,FALSE,0.000904043689865934,0.000903639423569318,96961.455647678,44.0965134532977
"2022-2024","total","37",37,FALSE,0.000961117603092722,0.000960667811990386,96873.8374537881,43.1359399648416
"2022-2024","total","38",38,FALSE,0.00101404466452393,0.00101353787431227,96780.7738763223,42.1769259676086
"2022-2024","total","39",39,FALSE,0.00106963180640497,0.00106906075488512,96682.6828964934,41.2192029620539
"2022-2024","total","40",40,FALSE,0.00115158033651351,0.0011509392596698,96579.3232345317,40.2627801969646
"2022-2024","total","41",41,FALSE,0.00125020512418398,0.00124944153705339,96468.1662997488,39.3085786765193
"2022-2024","total","42",42,FALSE,0.00136494013892933,0.00136402210458984,96347.6349657705,38.3571144179923
"2022-2024","total","43",43,FALSE,0.00146986130758423,0.0014687821187854,96216.2146619522,37.4088134485678
"2022-2024","total","44",44,FALSE,0.00159524380066528,0.00159395284990093,96074.8940063195,36.4631040150524
"2022-2024","total","45",45,FALSE,0.00173245088258542,0.00173096579588793,95921.7551552142,35.5205313169988
"2022-2024","total","46",46,FALSE,0.0018751219708955,0.00187337540235019,95755.717877959,34.581247490786
"2022-2024","total","47",47,FALSE,0.00206697812558215,0.00206486306426903,95576.3314714521,33.6452090404421
"2022-2024","total","48",48,FALSE,0.00229330880296265,0.00229076001499967,95378.9794347783,32.7137817826904
"2022-2024","total","49",49,FALSE,0.00255862786926379,0.00255539844181692,95160.4890824177,31.7877112024695
"2022-2024","total","50",50,FALSE,0.00284313903583863,0.00283916185516997,94917.3161168939,30.8678530376301
"2022-2024","total","51",51,FALSE,0.00314077553219273,0.00313594913754592,94647.8304935797,29.9542970046499
"2022-2024","total","52",52,FALSE,0.00348885790636872,0.00348283186279696,94351.0197111728,29.0469233677535
"2022-2024","total","53",53,FALSE,0.00384853961069686,0.0038411622057825,94022.4109734353,28.1466807495794
"2022-2024","total","54",54,FALSE,0.00426509239465002,0.00425604738378049,93661.2556419076,27.2532819624416
"2022-2024","total","55",55,FALSE,0.00472181371118796,0.00471084526821787,93262.6288998713,26.3676245287334
"2022-2024","total","56",56,FALSE,0.00522809358653409,0.00521458927317365,92823.2830858168,25.4900270320161
"2022-2024","total","57",57,FALSE,0.00583463117382426,0.00581806213994713,92339.2477895367,24.6209984546899
"2022-2024","total","58",58,FALSE,0.00642820510433955,0.00640785016480305,91802.0123079412,23.7620875305121
"2022-2024","total","59",59,FALSE,0.00710895393857159,0.00708400077519786,91213.7587682445,22.9120711537982
"2022-2024","total","60",60,FALSE,0.00780626540766576,0.00777577239714203,90567.6004304215,22.0719388893985
"2022-2024","total","61",61,FALSE,0.0087661714071925,0.00872824547158292,89863.3673829193,21.2410103741748
"2022-2024","total","62",62,FALSE,0.00972378474762327,0.00967723552464823,89079.0178534981,20.4235989560404
"2022-2024","total","63",63,FALSE,0.0108082894645213,0.010750087574406,88216.9792174255,19.6182364009722
"2022-2024","total","64",64,FALSE,0.0116564846039635,0.0115883303147484,87268.6389652886,18.8260025073357
"2022-2024","total","65",65,FALSE,0.0129538922388685,0.0128707637581703,86257.3411508403,18.0409134709056
"2022-2024","total","66",66,FALSE,0.0143391015099726,0.01423832728601,85147.1432904799,17.2696037195105
"2022-2024","total","67",67,FALSE,0.0160819295705597,0.015954726963406,83934.7903968413,16.5117310822728
"2022-2024","total","68",68,FALSE,0.0175210060224109,0.0173699616909712,82595.633733329,15.771267001908
"2022-2024","total","69",69,FALSE,0.0191955647726731,0.0190119747785863,81160.9507395396,15.0411519925862
"2022-2024","total","70",70,FALSE,0.0209304594988281,0.0207121784700426,79617.9207910734,14.32302517415
"2022-2024","total","71",71,FALSE,0.0234662924985484,0.0231967912091544,77968.8602062349,13.6154598785145
"2022-2024","total","72",72,FALSE,0.0259550626619248,0.0256254227697484,76160.2328352152,12.9268048855092
"2022-2024","total","73",73,FALSE,0.0289863944616254,0.0285791580768583,74208.5946705703,12.2535065802996
"2022-2024","total","74",74,FALSE,0.0314972849415511,0.0310084761707203,72087.7755128186,11.5990467975093
"2022-2024","total","75",75,FALSE,0.0349069198568233,0.0343040200472745,69852.4434436291,10.9542401691445
"2022-2024","total","76",76,FALSE,0.0388508667098948,0.0381126767136542,67456.2238233877,10.3257257126044
"2022-2024","total","77",77,FALSE,0.0441199751440106,0.0431686256851445,64885.2865724831,9.71499061479961
"2022-2024","total","78",78,FALSE,0.0498237659687934,0.0486260521144927,62084.2779239622,9.13071376265909
"2022-2024","total","79",79,FALSE,0.0561486672884769,0.0546209686663349,59065.364590141,8.57155358068346
"2022-2024","total","80",80,FALSE,0.0633147048160623,0.0613770446559231,55839.1571615972,8.03779376317379
"2022-2024","total","81",81,FALSE,0.0716812677479372,0.0692375655924148,52411.9147189408,7.53060359180616
"2022-2024","total","82",82,FALSE,0.080842775686033,0.077691903156141,48783.0413357641,7.05302940162836
"2022-2024","total","83",83,FALSE,0.0909063424207737,0.0869938160681888,44992.9940126439,6.60517319105868
"2022-2024","total","84",84,FALSE,0.101171681007288,0.0962765626663666,41078.8817671508,6.18638995174187
"2022-2024","total","85",85,FALSE,0.112638136911897,0.106571285378578,37123.9482324314,5.79245155049448
"2022-2024","total","86",86,FALSE,0.124316786604647,0.116924478783187,33167.6013509734,5.42439805749784
"2022-2024","total","87",87,FALSE,0.138627800248026,0.129623618553324,29289.4968505223,5.07755160489406
"2022-2024","total","88",88,FALSE,0.154204547629874,0.143377167874432,25492.8862831515,4.75943959537706
"2022-2024","total","89",89,FALSE,0.172136285313609,0.158580502378021,21837.7884469282,4.47064198097093
"2022-2024","total","90",90,FALSE,0.189582375820596,0.172937299541721,18374.7409841894,4.21833851507308
"2022-2024","total","91",91,FALSE,0.207857208075708,0.187760496709285,15197.0628986051,3.9974444032192
"2022-2024","total","92",92,FALSE,0.225301148724141,0.201826227597883,12343.6548202408,3.80938081645876
"2022-2024","total","93",93,FALSE,0.244587250208567,0.217238842712725,9852.38153310116,3.65030077826075
"2022-2024","total","94",94,FALSE,0.26416064160216,0.232394992480968,7712.06157088603,3.52868212575834
"2022-2024","total","95",95,FALSE,0.28520784149013,0.248814944615803,5919.81708010721,3.45090685509179
"2022-2024","total","96",96,FALSE,0.301176375444792,0.260168474101597,4446.87812118465,3.43258715811691
"2022-2024","total","97",97,FALSE,0.314822912041676,0.269995646300297,3289.94062588027,3.47206919229299
"2022-2024","total","98",98,FALSE,0.317981221679134,0.271760580401993,2401.67098030612,3.58142798449726
"2022-2024","total","99",99,FALSE,0.303471511942723,0.26167023572088,1748.9914807635,3.74435168318868
"2022-2024","total","100+",100,TRUE,0.25617811932521,1,1291.33246771831,3.90353400452024
"2022-2024","male","0",0,FALSE,0.0102292377357475,0.0101399985902995,1e+05,75.4885055400291
"2022-2024","male","1",1,FALSE,0.000993647302674778,0.000993106578569153,98986.00014097,75.2603695099331
"2022-2024","male","2",2,FALSE,0.000677522716317076,0.000677275977279305,98887.6964930438,74.3347360064008
"2022-2024","male","3",3,FALSE,0.000542204648760745,0.000542058284713978,98820.7222317606,73.3848019481086
"2022-2024","male","4",4,FALSE,0.000420150072184493,0.000420055977776985,98767.1556405734,72.4243300986951
"2022-2024","male","5",5,FALSE,0.0004217114942869,0.000421619571587196,98725.6679064386,71.4545689718126
"2022-2024","male","6",6,FALSE,0.000397137577854881,0.000397059133042985,98684.0432326312,70.4845045937672
"2022-2024","male","7",7,FALSE,0.000408918802290243,0.000408837155117695,98644.8598319801,69.5123026139123
"2022-2024","male","8",8,FALSE,0.000348771458720548,0.000348709799497751,98604.5301481194,68.5405241928115
"2022-2024","male","9",9,FALSE,0.000396157422495164,0.000396074577776759,98570.1457821819,67.5642613025844
"2022-2024","male","10",10,FALSE,0.000377272859806876,0.00037720184307602,98531.1046533098,66.5908453642482
"2022-2024","male","11",11,FALSE,0.000395609916243655,0.000395531267259367,98493.9385390343,65.6157839959581
"2022-2024","male","12",12,FALSE,0.000417177314905491,0.000417092176317487,98454.9811067066,64.6415505547471
"2022-2024","male","13",13,FALSE,0.000467826946418565,0.00046772099909151,98413.9163043675,63.668310191304
"2022-2024","male","14",14,FALSE,0.000506589231127128,0.000506466471492126,98367.8860491091,62.6978617647682
"2022-2024","male","15",15,FALSE,0.000641862014728021,0.000641660694638538,98318.0660129536,61.7293679457279
"2022-2024","male","16",16,FALSE,0.000712743974581679,0.000712495846232037,98254.9791744203,60.7686744657046
"2022-2024","male","17",17,FALSE,0.000786054359843702,0.000785757160069849,98184.9729098869,59.8116381405442
"2022-2024","male","18",18,FALSE,0.000862570061681477,0.000862200341945385,98107.8233644117,58.8582645339428
"2022-2024","male","19",19,FALSE,0.000888075582003712,0.000887677534492432,98023.2347655593,57.908621993373
"2022-2024","male","20",20,FALSE,0.000923175917967272,0.000922760999561134,97936.2217421997,56.9596319926181
"2022-2024","male","21",21,FALSE,0.000947139542590661,0.000946696248668536,97845.8500163316,56.0117669133816
"2022-2024","male","22",22,FALSE,0.000980475742651036,0.000979995682612385,97753.2197171734,55.0643641748177
"2022-2024","male","23",23,FALSE,0.000969563912086881,0.00096908400956481,97657.4219838891,54.1178890919756
"2022-2024","male","24",24,FALSE,0.000963514931341676,0.000963052538542223,97562.7837378291,53.1699101691037
"2022-2024","male","25",25,FALSE,0.000953768342108935,0.000953316056731468,97468.8256512832,52.2206813308828
"2022-2024","male","26",26,FALSE,0.000950027183587448,0.000949573068889317,97375.9070547591,51.2700320845364
"2022-2024","male","27",27,FALSE,0.000942007243071104,0.00094156218538081,97283.4415158612,50.3182909803178
"2022-2024","male","28",28,FALSE,0.000946979938669979,0.000946529897173025,97191.8431060662,49.3652438839915
"2022-2024","male","29",29,FALSE,0.000960535951725646,0.000960078650562456,97099.8481208049,48.4115420946333
"2022-2024","male","30",30,FALSE,0.000960911122920883,0.000960448393148209,97006.6246296513,47.4575811947312
"2022-2024","male","31",31,FALSE,0.00096343416831137,0.000962965996561487,96913.454772901,46.5027262165473
"2022-2024","male","32",32,FALSE,0.000974900516555921,0.000974423592061696,96820.1304113454,45.5470724391201
"2022-2024","male","33",33,FALSE,0.00101435319110551,0.00101382930761386,96725.7865920861,44.5910121766218
"2022-2024","male","34",34,FALSE,0.00105754802046518,0.00105698115165939,96627.723154837,43.635767867438
"2022-2024","male","35",35,FALSE,0.00109804834743419,0.00109743685775814,96525.5894727346,42.6814173429072
"2022-2024","male","36",36,FALSE,0.00114175604334743,0.0011411105949988,96419.6587331304,41.7277678210582
"2022-2024","male","37",37,FALSE,0.00120376231250403,0.00120305412569309,96309.6332389838,40.7748617597836
"2022-2024","male","38",38,FALSE,0.00126574026181095,0.00126494751967757,96193.7675373717,39.8233597281706
"2022-2024","male","39",39,FALSE,0.00133744221191937,0.00133654615868472,96072.0874697169,38.8731585407651
"2022-2024","male","40",40,FALSE,0.00143833226041863,0.00143733754315753,95943.6826902524,37.9245163827471
"2022-2024","male","41",41,FALSE,0.00155941323467036,0.00155821490159236,95805.7792330929,36.978358342304
"2022-2024","male","42",42,FALSE,0.00168808716154734,0.00168668110745839,95656.4932402332,36.0352774999558
"2022-2024","male","43",43,FALSE,0.00182495733697029,0.00182330553285713,95495.1512402792,35.0953050153084
"2022-2024","male","44",44,FALSE,0.00199048479062773,0.00198848308964948,95321.0344026618,34.1584915011597
"2022-2024","male","45",45,FALSE,0.00217043897006194,0.00216811053413152,95131.4901376642,33.2255656114245
"2022-2024","male","46",46,FALSE,0.00234427586313576,0.00234153290777751,94925.2345517691,32.2966611375876
"2022-2024","male","47",47,FALSE,0.00260346063001398,0.0026001367951633,94702.9639912876,31.3712881061415
"2022-2024","male","48",48,FALSE,0.00291325075744676,0.00290911980875615,94456.7233300028,30.4517435036209
"2022-2024","male","49",49,FALSE,0.00328181406664333,0.00327650169130997,94181.9374050933,29.5390942538138
"2022-2024","male","50",50,FALSE,0.00366567930491735,0.00365911557660093,93873.3501278947,28.6345340845274
"2022-2024","male","51",51,FALSE,0.00408904297913209,0.00408086726092932,93529.856690214,27.7378205657139
"2022-2024","male","52",52,FALSE,0.00456787470549621,0.00455752479663764,93148.1737601275,26.8493887783064
"2022-2024","male","53",53,FALSE,0.00507273058507622,0.00505990539321639,92723.6486484542,25.9700135631067
"2022-2024","male","54",54,FALSE,0.00563648071212851,0.00562064551338332,92254.4757585792,25.0995431387793
"2022-2024","male","55",55,FALSE,0.00628079685637887,0.00626131827195178,91735.9460533172,24.2385890680648
"2022-2024","male","56",56,FALSE,0.00700203068057659,0.00697764684208762,91161.5580980988,23.3881308912628
"2022-2024","male","57",57,FALSE,0.00784794291099291,0.0078181312104091,90525.4649401158,22.5489519096125
"2022-2024","male","58",58,FALSE,0.00867876020164365,0.00864193250294044,89817.7249773307,21.7225805589536
"2022-2024","male","59",59,FALSE,0.00960202721193197,0.00955661318083944,89041.5262605089,20.9075052365494
"2022-2024","male","60",60,FALSE,0.0106039466540764,0.0105479048413831,88190.5908370057,20.1043645008232
"2022-2024","male","61",61,FALSE,0.0119145905025982,0.0118445605337803,87260.3648769516,19.3133650330801
"2022-2024","male","62",62,FALSE,0.0132393922493937,0.0131531887800035,86226.8042029668,18.5388269559528
"2022-2024","male","63",63,FALSE,0.014729586179858,0.0146217676254392,85092.6467693888,17.7791911484185
"2022-2024","male","64",64,FALSE,0.0158893587175348,0.0157624797806946,83848.4418616932,17.0356016197666
"2022-2024","male","65",65,FALSE,0.0176744854225585,0.0175203446679907,82526.7824922055,16.3005234424583
"2022-2024","male","66",66,FALSE,0.0195207064490903,0.0193342107322236,81080.8848186017,15.58225093827
"2022-2024","male","67",67,FALSE,0.0218955847617549,0.0216610860982509,79513.2499051638,14.8794878296522
"2022-2024","male","68",68,FALSE,0.0237667170579208,0.0234900126223523,77790.9065530163,14.1977360738836
"2022-2024","male","69",69,FALSE,0.025905049045393,0.0255707230660112,75963.5971761817,13.5271310716878
"2022-2024","male","70",70,FALSE,0.028036732174874,0.0276467144650281,74021.1530696915,12.8691093254158
"2022-2024","male","71",71,FALSE,0.0312405195229232,0.0307635130325156,71974.7113864016,12.220887672045
"2022-2024","male","72",72,FALSE,0.0343489474243505,0.0337738322980907,69760.5164146545,11.592791504457
"2022-2024","male","73",73,FALSE,0.0382486721485913,0.0375396320021775,67404.4364322377,10.9803844799465
"2022-2024","male","74",74,FALSE,0.0413704553822351,0.0405285062903806,64874.0986932574,10.3889182902921
"2022-2024","male","75",75,FALSE,0.0455459723518829,0.0445211912002954,62244.8483762849,9.80672152340338
"2022-2024","male","76",76,FALSE,0.0501219274470737,0.0488957919401447,59473.6335804909,9.24062508896255
"2022-2024","male","77",77,FALSE,0.0562236520473042,0.0546900248168188,56565.6231670148,8.68999219507418
"2022-2024","male","78",78,FALSE,0.0629011876967488,0.0609994700168619,53472.047832232,8.16374486534412
"2022-2024","male","79",79,FALSE,0.0700550547283849,0.0676767802226255,50210.2812537495,7.6613143977338
"2022-2024","male","80",80,FALSE,0.0781081371437451,0.0751612713315116,46812.2110844233,7.18126815390657
"2022-2024","male","81",81,FALSE,0.0873481087753003,0.0837314176728481,43293.745785479,6.72441149674379
"2022-2024","male","82",82,FALSE,0.0978234514907531,0.0932173137987887,39668.6990744929,6.29271492696436
"2022-2024","male","83",83,FALSE,0.108276382285662,0.102761233425108,35970.8895048762,5.88873303362884
"2022-2024","male","84",84,FALSE,0.119032858581178,0.11228225506885,32274.4765319569,5.50541178237792
"2022-2024","male","85",85,FALSE,0.130766178671359,0.122622173755577,28650.6255257821,5.13916040266905
"2022-2024","male","86",86,FALSE,0.144111760535269,0.134148821654532,25137.4235443536,4.78863200688767
"2022-2024","male","87",87,FALSE,0.161161589551486,0.149154360113089,21765.2677964477,4.4554601569609
"2022-2024","male","88",88,FALSE,0.179614821808633,0.165151647254217,18518.8832055785,4.14877185614601
"2022-2024","male","89",89,FALSE,0.200585703149784,0.182472863262548,15460.4591388688,3.86812182755635
"2022-2024","male","90",90,FALSE,0.219958276617114,0.197643885454793,12639.3448924458,3.61874419795248
"2022-2024","male","91",91,FALSE,0.242504043191773,0.215183248809027,10141.2556582996,3.39025582185167
"2022-2024","male","92",92,FALSE,0.266824235663151,0.234268757675868,7959.02731874376,3.18917379028666
"2022-2024","male","93",93,FALSE,0.29631905701496,0.256838191362981,6094.47587647336,3.01827143873499
"2022-2024","male","94",94,FALSE,0.321639762000998,0.275690136624508,4529.18171505463,2.89507493567288
"2022-2024","male","95",95,FALSE,0.349586045044446,0.296397381619565,3280.53098923399,2.81362378738934
"2022-2024","male","96",96,FALSE,0.368690090115532,0.308631073545028,2308.1901937032,2.79386587694255
"2022-2024","male","97",97,FALSE,0.396909067598564,0.327406069395906,1595.81097627447,2.83027509206803
"2022-2024","male","98",98,FALSE,0.400914526793544,0.330399171942525,1073.3327770336,2.98156976171274
"2022-2024","male","99",99,FALSE,0.383255142547817,0.315723409423704,718.70451628293,3.22200320953331
"2022-2024","male","100+",100,TRUE,0.285328185328185,1,491.792676033869,3.50473612990528
"2022-2024","female","0",0,FALSE,0.00865671398507558,0.00859426070196866,1e+05,80.7261979891912
"2022-2024","female","1",1,FALSE,0.000934938166135114,0.000934468474372223,99140.5739298031,80.4246024222674
"2022-2024","female","2",2,FALSE,0.00057339485951191,0.000573222393013272,99047.9301889346,79.4993944774932
"2022-2024","female","3",3,FALSE,0.000471600665661629,0.000471488419664756,98991.1536973687,78.5447188505739
"2022-2024","female","4",4,FALSE,0.000431391860731186,0.000431295770294335,98944.4805147511,77.5815356568996
"2022-2024","female","5",5,FALSE,0.000371987279129134,0.000371916733517122,98901.8061788111,76.6148020420941
"2022-2024","female","6",6,FALSE,0.000362925702669659,0.000362862136558879,98865.0229421182,75.643124631147
"2022-2024","female","7",7,FALSE,0.000353626396850423,0.00035356299700236,98829.1485686624,74.6703948392577
"2022-2024","female","8",8,FALSE,0.000340848504305688,0.000340791187759239,98794.2062387033,73.6966305256442
"2022-2024","female","9",9,FALSE,0.000329820932967834,0.00032976566001706,98760.5380438155,72.7215815582206
"2022-2024","female","10",10,FALSE,0.0003442580930721,0.0003441993067185,98727.9702098038,71.7454083148731
"2022-2024","female","11",11,FALSE,0.000339761530894788,0.000339703020508524,98693.9881109039,70.769938040928
"2022-2024","female","12",12,FALSE,0.000394419727779173,0.000394340146282316,98660.4614650366,69.7938194223547
"2022-2024","female","13",13,FALSE,0.000387575453881655,0.000387503039249213,98621.5556842302,68.8211601372613
"2022-2024","female","14",14,FALSE,0.000414062308849076,0.000413978907795087,98583.3395316671,67.8476381433371
"2022-2024","female","15",15,FALSE,0.000468659889037577,0.00046854886390619,98542.5281084409,66.8755246214845
"2022-2024","female","16",16,FALSE,0.000455385530218509,0.000455281372632069,98496.3561188493,65.9066420028732
"2022-2024","female","17",17,FALSE,0.000460747000815932,0.000460641987411254,98451.5125626362,64.9364350761387
"2022-2024","female","18",18,FALSE,0.000479516665867112,0.000479398387654997,98406.1616622257,63.9661284805767
"2022-2024","female","19",19,FALSE,0.000477851282402832,0.000477736603443701,98358.9859069895,62.996575598663
"2022-2024","female","20",20,FALSE,0.000472378120186619,0.000472266589312915,98311.9962191442,62.0264478920095
"2022-2024","female","21",21,FALSE,0.000456127663607341,0.000456022044475875,98265.5667480012,61.0555184785598
"2022-2024","female","22",22,FALSE,0.000459009112174148,0.000458902866599624,98220.7554833512,60.0831492752058
"2022-2024","female","23",23,FALSE,0.000452690107719152,0.000452589350559058,98175.6816971003,59.1105067234321
"2022-2024","female","24",24,FALSE,0.000461573112039693,0.000461466745502159,98131.2484290803,58.1370415035371
"2022-2024","female","25",25,FALSE,0.000460297676044476,0.000460193116261887,98085.9641212357,57.1636510710885
"2022-2024","female","26",26,FALSE,0.000478048880662295,0.000477931228620994,98040.8256357452,56.1897363578419
"2022-2024","female","27",27,FALSE,0.000481645988837765,0.000481532296429503,97993.9688634941,55.2163720952077
"2022-2024","female","28",28,FALSE,0.000488899405166345,0.000488780210789268,97946.781602631,54.242727770211
"2022-2024","female","29",29,FALSE,0.00047810855307342,0.000477992736526545,97898.9071540731,53.2690084088056
"2022-2024","female","30",30,FALSE,0.000485195972613269,0.000485076407284017,97852.1121875396,52.2942469180136
"2022-2024","female","31",31,FALSE,0.000498591765190883,0.00049846394600509,97804.6464365145,51.3193871688445
"2022-2024","female","32",32,FALSE,0.00052304528703952,0.000522908407655151,97755.8943465141,50.3447385662937
"2022-2024","female","33",33,FALSE,0.000564527317962248,0.000564365866543039,97704.7769674625,49.3708166784313
"2022-2024","female","34",34,FALSE,0.000597999813284953,0.0005978213809014,97649.6357263439,48.3984170870183
"2022-2024","female","35",35,FALSE,0.00063467147501412,0.000634469626660605,97591.2586862694,47.4270683845375
"2022-2024","female","36",36,FALSE,0.000660265491249151,0.000660050800876069,97529.3399968054,46.4568618883182
"2022-2024","female","37",37,FALSE,0.000712236449381392,0.00071199052347007,97464.9656778316,45.4872109159593
"2022-2024","female","38",38,FALSE,0.000755666227847447,0.000755387232211874,97395.5715458987,44.5192534894496
"2022-2024","female","39",39,FALSE,0.00079474461570769,0.000794431250503298,97322.0001746789,43.5525217131314
"2022-2024","female","40",40,FALSE,0.000858136869555029,0.000857777035292963,97244.6845363787,42.5867482535328
"2022-2024","female","41",41,FALSE,0.000935332379098999,0.00093491280977796,97161.2702791791,41.6228707165376
"2022-2024","female","42",42,FALSE,0.00103692368538641,0.00103639475184296,97070.4329629807,40.6613340964258
"2022-2024","female","43",43,FALSE,0.00110921931134933,0.00110859781776418,96969.8296756988,39.7029921679564
"2022-2024","female","44",44,FALSE,0.00119265437467177,0.00119192795213961,96862.3291341314,38.7465067589969
"2022-2024","female","45",45,FALSE,0.00128492849660325,0.0012841111199667,96746.876216527,37.7921613730169
"2022-2024","female","46",46,FALSE,0.00139538386842105,0.00139442499128421,96622.6424769554,36.8401042867571
"2022-2024","female","47",47,FALSE,0.00152046406605593,0.0015193003270826,96487.9094495616,35.8908385470145
"2022-2024","female","48",48,FALSE,0.00166685865562484,0.00166552285894471,96341.3153371753,34.944695418262
"2022-2024","female","49",49,FALSE,0.00183341463495996,0.00183175564336603,96180.8566742205,34.0021281256018
"2022-2024","female","50",50,FALSE,0.00202061338379091,0.00201857950399077,96004.6768472237,33.0635974211463
"2022-2024","female","51",51,FALSE,0.00218987929263269,0.00218752983895852,95810.8837742526,32.1294598558247
"2022-2024","female","52",52,FALSE,0.00239881941344619,0.00239598470182414,95601.2946070995,31.1987809892085
"2022-2024","female","53",53,FALSE,0.00260040297830299,0.0025970453051889,95372.2353677463,30.2724951355787
"2022-2024","female","54",54,FALSE,0.00285631423426698,0.00285227922981154,95124.5493516391,29.3500096529642
"2022-2024","female","55",55,FALSE,0.00312076878726722,0.003116017641954,94853.2275752782,28.4325197998973
"2022-2024","female","56",56,FALSE,0.00342646227135435,0.00342074748392079,94557.6632447574,27.5197943925769
"2022-2024","female","57",57,FALSE,0.00382395963213649,0.00381676769113216,94234.2053561274,26.6124968632701
"2022-2024","female","58",58,FALSE,0.00421140365491054,0.00420255240178011,93874.5352857247,25.7125163223916
"2022-2024","female","59",59,FALSE,0.00467198910655947,0.00466117330971133,93480.0226319936,24.8189208725985
"2022-2024","female","60",60,FALSE,0.00508421071776974,0.00507118753330192,93044.2960455102,23.9327907886576
"2022-2024","female","61",61,FALSE,0.00571657034079495,0.0057004586575803,92572.4509713593,23.0522545905651
"2022-2024","female","62",62,FALSE,0.00633525287815302,0.00631548644781046,92044.7455417662,22.1815178336703
"2022-2024","female","63",63,FALSE,0.00704453315944362,0.00701973130836621,91463.438198705,21.3192795242506
"2022-2024","female","64",64,FALSE,0.00760006535336276,0.00757126795512416,90821.3894380108,20.4664693631754
"2022-2024","female","65",65,FALSE,0.00845327283683025,0.00841767623175492,90133.7563625189,19.6187976357977
"2022-2024","female","66",66,FALSE,0.00946608876610776,0.00942215941392613,89375.0395839074,18.7811018554879
"2022-2024","female","67",67,FALSE,0.010736407677805,0.0106792812953251,88532.9337133218,17.9549166502524
"2022-2024","female","68",68,FALSE,0.0119061146710352,0.0118360207312524,87587.4656102969,17.1433157512283
"2022-2024","female","69",69,FALSE,0.0132589477775056,0.0131715893480608,86550.7785515356,16.3426347367384
"2022-2024","female","70",70,FALSE,0.0147011182784111,0.01459297440181,85410.7672386998,15.5540955354927
"2022-2024","female","71",71,FALSE,0.0167250836497256,0.0165882929906355,84164.3700987465,14.7770934486125
"2022-2024","female","72",72,FALSE,0.0188443858862527,0.0186700506020376,82768.2268681762,14.0178036555271
"2022-2024","female","73",73,FALSE,0.0214136650163028,0.0211920016962029,81222.9398843064,13.2748979841468
"2022-2024","female","74",74,FALSE,0.0237318924622452,0.0234545755934295,79501.6632045076,12.551235272434
"2022-2024","female","75",75,FALSE,0.0267861428475814,0.0264313893606338,77636.9854350741,11.8406378161268
"2022-2024","female","76",76,FALSE,0.030380769819964,0.0299294803129909,75584.9320442538,11.1485534925784
"2022-2024","female","77",77,FALSE,0.0350975225546068,0.0344917991797067,73322.7143086766,10.4769784591861
"2022-2024","female","78",78,FALSE,0.0402325854551603,0.0394501964891295,70793.6819714307,9.83340871207636
"2022-2024","female","79",79,FALSE,0.0462208536129935,0.0451883275118764,68000.8573074688,9.21644596529706
"2022-2024","female","80",80,FALSE,0.0530780579518045,0.0517185161113099,64928.0122963705,8.62870152219857
"2022-2024","female","81",81,FALSE,0.0611715690774743,0.0593901001589775,61570.0318463453,8.07177579757646
"2022-2024","female","82",82,FALSE,0.0698111170928612,0.0674634007974912,57913.3814881995,7.54924894699683
"2022-2024","female","83",83,FALSE,0.0799594992251546,0.0769219563587558,54006.347821323,7.05911006642624
"2022-2024","female","84",84,FALSE,0.0902460164790676,0.0863461198095362,49852.0738911155,6.60518211467825
"2022-2024","female","85",85,FALSE,0.101925107843729,0.0969501348479261,45547.5407461593,6.18220564266379
"2022-2024","female","86",86,FALSE,0.113028830465421,0.106940803190907,41131.7005288278,5.79261005149518
"2022-2024","female","87",87,FALSE,0.125973316816581,0.118472248930029,36733.0434376671,5.42682128355841
"2022-2024","female","88",88,FALSE,0.139740022018062,0.130763985640989,32381.1971715622,5.08930793480578
"2022-2024","female","89",89,FALSE,0.155865169202169,0.144654554336735,28146.9027695821,4.77838204243035
"2022-2024","female","90",90,FALSE,0.173059631329656,0.159179643946682,24075.3250934887,4.50146445813476
"2022-2024","female","91",91,FALSE,0.190996271691954,0.174060910099586,20243.0234172066,4.25973030739218
"2022-2024","female","92",92,FALSE,0.207956120294995,0.187878536033348,16719.5043380404,4.05405058770144
"2022-2024","female","93",93,FALSE,0.225870484572343,0.202426395000284,13578.2683398061,3.87946624060002
"2022-2024","female","94",94,FALSE,0.245500871028059,0.21784403272324,10829.6684294327,3.74042046238782
"2022-2024","female","95",95,FALSE,0.265997802573378,0.234070966942946,8470.4897857095,3.64770624773158
"2022-2024","female","96",96,FALSE,0.282616428973649,0.246302389296415,6487.79405108813,3.61356316013281
"2022-2024","female","97",97,FALSE,0.294194258417881,0.25482154055658,4889.83487504206,3.63813741456018
"2022-2024","female","98",98,FALSE,0.299088649920961,0.257800320889845,3643.79961911655,3.71987375599287
"2022-2024","female","99",99,FALSE,0.287509025270758,0.25025012072434,2704.42690805001,3.85060916094527
"2022-2024","female","100+",100,TRUE,0.251576926592924,1,2027.64374782034,3.97492732558139
